nodename,
hpcc01,24680
hpcc01,24681
hpcc01,24687
hpcc01,24693
hpcc01,24699
hpcc01,24705
hpcc01,24711
hpcc01,24717
hpcc01,24723
hpcc01,24729
hpcc01,24735
hpcc01,24741
hpcc01,24747
hpcc01,24753
hpcc01,24759
hpcc01,24765
hpcc01,24771
hpcc01,24773
hpcc01,24783
hpcc02,112976
hpcc02,112977
hpcc02,112983
hpcc02,112989
hpcc02,112995
hpcc02,113001
hpcc02,113007
hpcc02,113013
hpcc02,113019
hpcc02,113025
hpcc02,113031
hpcc02,113037
hpcc02,113043
hpcc02,113049
hpcc02,113055
hpcc02,113061
hpcc02,113067
hpcc02,113072
hpcc02,113079
hpcc02,113085
hpcc03,79823
hpcc03,79824
hpcc03,79826
hpcc03,79836
hpcc03,79842
hpcc03,79848
hpcc03,79854
hpcc03,79860
hpcc03,79866
hpcc03,79872
hpcc03,79878
hpcc03,79884
hpcc03,79890
hpcc03,79896
hpcc03,79902
hpcc03,79908
hpcc03,79910
hpcc03,79916
hpcc03,79922
hpcc03,79929
hpcc04,93894
hpcc04,93895
hpcc04,93901
hpcc04,93907
hpcc04,93913
hpcc04,93919
hpcc04,93925
hpcc04,93931
hpcc04,93937
hpcc04,93941
hpcc04,93949
hpcc04,93955
hpcc04,93961
hpcc04,93967
hpcc04,93973
hpcc04,93979
hpcc04,93985
hpcc04,93991
hpcc04,93997
hpcc04,94003
hpcc12,28893
hpcc12,28894
hpcc12,28899
hpcc12,28906
hpcc12,28912
hpcc12,28918
hpcc12,28924
hpcc12,28930
hpcc12,28936
hpcc12,28942
hpcc12,28948
hpcc12,28950
hpcc12,28956
hpcc12,28966
hpcc12,28972
hpcc12,28978
hpcc12,28980
hpcc12,28990
hpcc12,28996
hpcc12,29002
hpcc13,27295
hpcc13,27296
hpcc13,27302
hpcc13,27308
hpcc13,27314
hpcc13,27320
hpcc13,27326
hpcc13,27332
hpcc13,27338
hpcc13,27344
hpcc13,27350
hpcc13,27356
hpcc13,27362
hpcc13,27368
hpcc13,27374
hpcc13,27380
hpcc13,27386
hpcc13,27392
hpcc13,27398
hpcc13,27400
hpcc14,26541
hpcc14,26542
hpcc14,26548
hpcc14,26554
hpcc14,26560
hpcc14,26566
hpcc14,26572
hpcc14,26578
hpcc14,26584
hpcc14,26590
hpcc14,26596
hpcc14,26602
hpcc14,26608
hpcc14,26614
hpcc14,26625
hpcc14,26626
hpcc14,26632
hpcc14,26638
hpcc14,26644
hpcc14,26646
hpcc15,36815
hpcc15,36816
hpcc15,36822
hpcc15,36828
hpcc15,36834
hpcc15,36840
hpcc15,36846
hpcc15,36852
hpcc15,36858
hpcc15,36864
hpcc15,36870
hpcc15,36876
hpcc15,36882
hpcc15,36888
hpcc15,36892
hpcc15,36900
hpcc15,36911
hpcc15,36912
hpcc15,36918
hpcc15,36924
hpcc16,26053
hpcc16,26054
hpcc16,26058
hpcc16,26066
hpcc16,26072
hpcc16,26078
hpcc16,26084
hpcc16,26090
hpcc16,26096
hpcc16,26102
hpcc16,26108
hpcc16,26114
hpcc16,26120
hpcc16,26121
hpcc16,26127
hpcc16,26133
hpcc16,26141
hpcc16,26150
hpcc16,26156
hpcc16,26157
hpcc17,30640
hpcc17,30641
hpcc17,30644
hpcc17,30653
hpcc17,30659
hpcc17,30665
hpcc17,30671
hpcc17,30677
hpcc17,30683
hpcc17,30689
hpcc17,30695
hpcc17,30701
hpcc17,30707
hpcc17,30713
hpcc17,30719
hpcc17,30726
hpcc17,30731
hpcc17,30733
hpcc17,30743
hpcc17,30749
hpcc18,40865
hpcc18,40866
hpcc18,40872
hpcc18,40878
hpcc18,40884
hpcc18,40890
hpcc18,40896
hpcc18,40902
hpcc18,40908
hpcc18,40914
hpcc18,40920
hpcc18,40926
hpcc18,40932
hpcc18,40936
hpcc18,40944
hpcc18,40950
hpcc18,40956
hpcc18,40962
hpcc18,40968
hpcc18,40974
hpcc19,29688
hpcc19,29689
hpcc19,29695
hpcc19,29701
hpcc19,29707
hpcc19,29713
hpcc19,29719
hpcc19,29725
hpcc19,29731
hpcc19,29737
hpcc19,29743
hpcc19,29749
hpcc19,29755
hpcc19,29761
hpcc19,29767
hpcc19,29774
hpcc19,29779
hpcc19,29785
hpcc19,29791
hpcc19,29797
hpcc20,40109
hpcc20,40110
hpcc20,40113
hpcc20,40122
hpcc20,40128
hpcc20,40134
hpcc20,40140
hpcc20,40146
hpcc20,40152
hpcc20,40158
hpcc20,40164
hpcc20,40170
hpcc20,40176
hpcc20,40182
hpcc20,40188
hpcc20,40195
hpcc20,40200
hpcc20,40206
hpcc20,40210
hpcc20,40218
hpcc21,29962
hpcc21,29963
hpcc21,29969
hpcc21,29975
hpcc21,29981
hpcc21,29987
hpcc21,29993
hpcc21,29999
hpcc21,30005
hpcc21,30011
hpcc21,30017
hpcc21,30023
hpcc21,30029
hpcc21,30035
hpcc21,30041
hpcc21,30047
hpcc21,30053
hpcc21,30059
hpcc21,30065
hpcc21,30067
hpcc22,29664
hpcc22,29665
hpcc22,29671
hpcc22,29677
hpcc22,29683
hpcc22,29689
hpcc22,29695
hpcc22,29701
hpcc22,29707
hpcc22,29713
hpcc22,29719
hpcc22,29725
hpcc22,29731
hpcc22,29737
hpcc22,29743
hpcc22,29749
hpcc22,29755
hpcc22,29758
hpcc22,29763
hpcc22,29769
